{
  "image": "C:\\Tim\\Database\\InVLM\\My Data\\Scene_summary.v8i.yolov11\\test\\Fianl Version\\phase1\\Massachusetts_Institute_of_Technology_MIT_frame_001259.jpg",
  "image_width": 1920,
  "image_height": 1080,
  "timestamp": "2026-01-23T13:32:10.008101",
  "detector": {
    "name": "ensemble",
    "gdino_model_id": "IDEA-Research/grounding-dino-base",
    "yolo_model_size": "x",
    "conf_threshold": 0.45,
    "text_threshold": 0.2,
    "multi_prompt": false,
    "nms_iou": 0.5
  },
  "vocab": [
    "ramp",
    "security camera",
    "monitor",
    "computer",
    "keyboard",
    "microphone",
    "screen",
    "projector screen",
    "desk",
    "table",
    "chair",
    "hallway",
    "door",
    "board",
    "pipe",
    "trash can",
    "poster",
    "announcement",
    "cable",
    "electrical outlet"
  ],
  "num_detections": 4,
  "detections": [
    {
      "class_id": 15,
      "class_name": "trash can",
      "confidence": 0.930252730846405,
      "x_center": 0.4121117115020752,
      "y_center": 0.948499693693938,
      "width": 0.05399599075317383,
      "height": 0.10261224817346644,
      "bbox_xyxy": [
        739.4183349609375,
        968.9690551757812,
        843.0906372070312,
        1079.790283203125
      ],
      "has_segmentation": false
    },
    {
      "class_id": 15,
      "class_name": "trash can",
      "confidence": 0.8022024035453796,
      "x_center": 0.6998477300008138,
      "y_center": 0.9488244233308015,
      "width": 0.05256233215332031,
      "height": 0.10212238453052662,
      "bbox_xyxy": [
        1293.247802734375,
        969.5842895507812,
        1394.16748046875,
        1079.87646484375
      ],
      "has_segmentation": false
    },
    {
      "class_id": 12,
      "class_name": "door",
      "confidence": 0.5399343371391296,
      "x_center": 0.4152917544047038,
      "y_center": 0.7098047609682436,
      "width": 0.04011942545572917,
      "height": 0.38972817880135996,
      "bbox_xyxy": [
        758.8455200195312,
        556.1359252929688,
        835.8748168945312,
        977.0423583984375
      ]
    },
    {
      "class_id": 12,
      "class_name": "door",
      "confidence": 0.4919964373111725,
      "x_center": 0.8492674827575684,
      "y_center": 0.6017294141981336,
      "width": 0.14670734405517577,
      "height": 0.7939464992947048,
      "bbox_xyxy": [
        1489.7545166015625,
        221.13665771484375,
        1771.4326171875,
        1078.598876953125
      ]
    }
  ],
  "vlm_result": {
    "keyframe_path": "C:\\Tim\\Database\\InVLM\\My Data\\Scene_summary.v8i.yolov11\\test\\Fianl Version\\phase1\\Massachusetts_Institute_of_Technology_MIT_frame_001259.jpg",
    "model": "qwen",
    "objects": {
      "objects": [
        "hallway",
        "door",
        "board",
        "light",
        "pipe",
        "ceiling",
        "trash can",
        "floor",
        "wall",
        "poster",
        "announcement",
        "cable",
        "electrical outlet",
        "fire extinguisher",
        "security camera",
        "window",
        "ladder",
        "ramp",
        "stairs",
        "shower",
        "toilet",
        "bathroom",
        "refrigerator",
        "air conditioner",
        "fan",
        "monitor",
        "computer",
        "keyboard",
        "mouse",
        "desk",
        "bookshelf",
        "table",
        "chair",
        "lamp",
        "speaker",
        "microphone",
        "projector",
        "screen",
        "projection",
        "projector screen",
        "projector stand",
        "projector cable",
        "projector lens",
        "projector power cord",
        "projector remote",
        "projector control panel",
        "projector display",
        "projector frame",
        "projector housing",
        "projector casing"
      ],
      "categories": {
        "signs": [],
        "accessibility": [
          "ramp"
        ],
        "people": [],
        "furniture": [
          "desk",
          "table",
          "chair"
        ],
        "technology": [
          "security camera",
          "monitor",
          "computer",
          "keyboard",
          "microphone",
          "screen",
          "projector screen"
        ],
        "other": [
          "hallway",
          "door",
          "board",
          "light",
          "pipe",
          "ceiling",
          "trash can",
          "floor",
          "wall",
          "poster",
          "announcement",
          "cable",
          "electrical outlet",
          "fire extinguisher",
          "window",
          "ladder",
          "stairs",
          "shower",
          "toilet",
          "bathroom",
          "refrigerator",
          "air conditioner",
          "fan",
          "mouse",
          "bookshelf",
          "lamp",
          "speaker",
          "projector",
          "projection",
          "projector stand",
          "projector cable",
          "projector lens",
          "projector power cord",
          "projector remote",
          "projector control panel",
          "projector display",
          "projector frame",
          "projector housing",
          "projector casing"
        ]
      },
      "scene_description": "",
      "primary_focus": "",
      "num_objects": 50,
      "error": false,
      "model": "Qwen3-VL-2B",
      "timestamp": "2026-01-23T13:32:08.778583"
    }
  }
}