{
  "image": "C:\\Tim\\Database\\InVLM\\My Data\\Scene_summary.v8i.yolov11\\test\\Fianl Version\\phase1\\Massachusetts_Institute_of_Technology_MIT_frame_001079.jpg",
  "image_width": 1920,
  "image_height": 1080,
  "timestamp": "2026-01-23T13:41:29.180126",
  "detector": {
    "name": "ensemble",
    "gdino_model_id": "IDEA-Research/grounding-dino-base",
    "yolo_model_size": "x",
    "conf_threshold": 0.45,
    "text_threshold": 0.2,
    "multi_prompt": false,
    "nms_iou": 0.5
  },
  "vocab": [
    "exit sign",
    "window screen",
    "cabinet",
    "hallway",
    "door",
    "painting",
    "window",
    "balcony",
    "fire alarm",
    "text",
    "stairs",
    "barrier",
    "frame",
    "picture",
    "artwork",
    "structure",
    "entrance",
    "ladder",
    "door handle",
    "mirror"
  ],
  "num_detections": 3,
  "detections": [
    {
      "class_id": 12,
      "class_name": "frame",
      "confidence": 0.4688847064971924,
      "x_center": 0.7345211664835612,
      "y_center": 0.6467994972511574,
      "width": 0.022738265991210937,
      "height": 0.09404839409722222,
      "bbox_xyxy": [
        1388.451904296875,
        647.75732421875,
        1432.109375,
        749.32958984375
      ],
      "has_segmentation": false
    },
    {
      "class_id": 13,
      "class_name": "picture",
      "confidence": 0.45996934175491333,
      "x_center": 0.7346766789754232,
      "y_center": 0.6465691460503472,
      "width": 0.02230211893717448,
      "height": 0.09367449725115741,
      "bbox_xyxy": [
        1389.169189453125,
        647.71044921875,
        1431.9892578125,
        748.87890625
      ],
      "has_segmentation": false
    },
    {
      "class_id": 9,
      "class_name": "text",
      "confidence": 0.45168647170066833,
      "x_center": 0.053095640738805135,
      "y_center": 0.9522818388762297,
      "width": 0.07013081312179566,
      "height": 0.05852632875795718,
      "bbox_xyxy": [
        34.61804962158203,
        996.8601684570312,
        169.2692108154297,
        1060.068603515625
      ]
    }
  ],
  "vlm_result": {
    "keyframe_path": "C:\\Tim\\Database\\InVLM\\My Data\\Scene_summary.v8i.yolov11\\test\\Fianl Version\\phase1\\Massachusetts_Institute_of_Technology_MIT_frame_001079.jpg",
    "model": "qwen",
    "objects": {
      "objects": [
        "hallway",
        "door",
        "painting",
        "light",
        "exit sign",
        "window",
        "balcony",
        "column",
        "floor",
        "ceiling",
        "wall",
        "lamp",
        "fire alarm",
        "text",
        "stairs",
        "platform",
        "barrier",
        "frame",
        "picture",
        "artwork",
        "building",
        "structure",
        "entrance",
        "exit",
        "ladder",
        "cabinet",
        "door handle",
        "mirror",
        "reflector",
        "shutter",
        "window frame",
        "window sill",
        "window ledge",
        "window pane",
        "window glass",
        "window trim",
        "window cover",
        "window blind",
        "window shade",
        "window screen",
        "window grille",
        "window rail",
        "window railing",
        "window balustrade",
        "window arch",
        "window architrave",
        "window mullion",
        "window sash",
        "window casing",
        "window header"
      ],
      "categories": {
        "signs": [
          "exit sign",
          "exit"
        ],
        "accessibility": [],
        "people": [],
        "furniture": [
          "cabinet"
        ],
        "technology": [
          "window screen"
        ],
        "other": [
          "hallway",
          "door",
          "painting",
          "light",
          "window",
          "balcony",
          "column",
          "floor",
          "ceiling",
          "wall",
          "lamp",
          "fire alarm",
          "text",
          "stairs",
          "platform",
          "barrier",
          "frame",
          "picture",
          "artwork",
          "building",
          "structure",
          "entrance",
          "ladder",
          "door handle",
          "mirror",
          "reflector",
          "shutter",
          "window frame",
          "window sill",
          "window ledge",
          "window pane",
          "window glass",
          "window trim",
          "window cover",
          "window blind",
          "window shade",
          "window grille",
          "window rail",
          "window railing",
          "window balustrade",
          "window arch",
          "window architrave",
          "window mullion",
          "window sash",
          "window casing",
          "window header"
        ]
      },
      "scene_description": "",
      "primary_focus": "",
      "num_objects": 50,
      "error": false,
      "model": "Qwen3-VL-2B",
      "timestamp": "2026-01-23T13:41:25.574448"
    }
  }
}