{
  "image": "C:\\Tim\\Database\\InVLM\\My Data\\Scene_summary.v8i.yolov11\\test\\Fianl Version\\phase1\\Massachusetts_Institute_of_Technology_MIT_frame_001128.jpg",
  "image_width": 1920,
  "image_height": 1080,
  "timestamp": "2026-01-23T12:43:55.865075",
  "detector": {
    "name": "ensemble",
    "gdino_model_id": "IDEA-Research/grounding-dino-base",
    "yolo_model_size": "x",
    "conf_threshold": 0.45,
    "text_threshold": 0.2,
    "multi_prompt": false,
    "nms_iou": 0.5
  },
  "vocab": [
    "exit sign",
    "sign",
    "ramp",
    "person",
    "corkboard",
    "poster",
    "pipe",
    "door",
    "water cooler",
    "barrier",
    "window",
    "fire alarm",
    "electrical outlet",
    "trash can",
    "stairs",
    "hallway",
    "text",
    "label",
    "frame",
    "cardboard"
  ],
  "num_detections": 3,
  "detections": [
    {
      "class_id": 9,
      "class_name": "barrier",
      "confidence": 0.6694064736366272,
      "x_center": 0.9664508501688639,
      "y_center": 0.8666822362829137,
      "width": 0.06287848154703776,
      "height": 0.2469941880967882,
      "bbox_xyxy": [
        1795.2222900390625,
        802.6399536132812,
        1915.948974609375,
        1069.3936767578125
      ]
    },
    {
      "class_id": 8,
      "class_name": "water cooler",
      "confidence": 0.5990343689918518,
      "x_center": 0.9071798960367838,
      "y_center": 0.86353759765625,
      "width": 0.10369517008463541,
      "height": 0.25594911928530095,
      "bbox_xyxy": [
        1642.238037109375,
        794.4080810546875,
        1841.332763671875,
        1070.8331298828125
      ]
    },
    {
      "class_id": 5,
      "class_name": "poster",
      "confidence": 0.49236375093460083,
      "x_center": 0.11400455633799235,
      "y_center": 0.4929648929172092,
      "width": 0.14477715492248536,
      "height": 0.3522157174569589,
      "bbox_xyxy": [
        79.90267944335938,
        342.2055969238281,
        357.87481689453125,
        722.5985717773438
      ]
    }
  ],
  "vlm_result": {
    "keyframe_path": "C:\\Tim\\Database\\InVLM\\My Data\\Scene_summary.v8i.yolov11\\test\\Fianl Version\\phase1\\Massachusetts_Institute_of_Technology_MIT_frame_001128.jpg",
    "model": "qwen",
    "objects": {
      "objects": [
        "corkboard",
        "poster",
        "light",
        "pipe",
        "ceiling",
        "floor",
        "door",
        "exit sign",
        "ramp",
        "water cooler",
        "barrier",
        "wall",
        "column",
        "lamp",
        "window",
        "fire alarm",
        "electrical outlet",
        "trash can",
        "stairs",
        "building",
        "hallway",
        "person",
        "sign",
        "text",
        "label",
        "frame",
        "cardboard",
        "paper",
        "bulletin board",
        "posters",
        "announcement",
        "notice",
        "information",
        "advertisement",
        "flyer",
        "brochure",
        "document",
        "map",
        "guide",
        "instruction",
        "direction",
        "path",
        "route",
        "trail",
        "walk",
        "tour",
        "student",
        "class",
        "lecture",
        "event",
        "meeting",
        "conference",
        "presentation",
        "talk",
        "speech",
        "discussion",
        "group"
      ],
      "categories": {
        "signs": [
          "exit sign",
          "sign"
        ],
        "accessibility": [
          "ramp"
        ],
        "people": [
          "person"
        ],
        "furniture": [],
        "technology": [],
        "other": [
          "corkboard",
          "poster",
          "light",
          "pipe",
          "ceiling",
          "floor",
          "door",
          "water cooler",
          "barrier",
          "wall",
          "column",
          "lamp",
          "window",
          "fire alarm",
          "electrical outlet",
          "trash can",
          "stairs",
          "building",
          "hallway",
          "text",
          "label",
          "frame",
          "cardboard",
          "paper",
          "bulletin board",
          "posters",
          "announcement",
          "notice",
          "information",
          "advertisement",
          "flyer",
          "brochure",
          "document",
          "map",
          "guide",
          "instruction",
          "direction",
          "path",
          "route",
          "trail",
          "walk",
          "tour",
          "student",
          "class",
          "lecture",
          "event",
          "meeting",
          "conference",
          "presentation",
          "talk",
          "speech",
          "discussion",
          "group"
        ]
      },
      "scene_description": "",
      "primary_focus": "",
      "num_objects": 57,
      "error": false,
      "model": "Qwen3-VL-2B",
      "timestamp": "2026-01-23T12:43:54.570022"
    }
  }
}