{
  "image": "C:\\Tim\\Database\\InVLM\\My Data\\Scene_summary.v8i.yolov11\\test\\Fianl Version\\phase1\\Massachusetts_Institute_of_Technology_MIT_frame_001086.jpg",
  "image_width": 1920,
  "image_height": 1080,
  "timestamp": "2026-01-23T13:44:00.532938",
  "detector": {
    "name": "ensemble",
    "gdino_model_id": "IDEA-Research/grounding-dino-base",
    "yolo_model_size": "x",
    "conf_threshold": 0.45,
    "text_threshold": 0.2,
    "multi_prompt": false,
    "nms_iou": 0.5
  },
  "vocab": [
    "design",
    "cabinet",
    "chandelier",
    "window",
    "balcony",
    "door",
    "text",
    "stairs",
    "frame",
    "lattice",
    "structure",
    "entrance",
    "hallway",
    "architectural detail",
    "decorative element",
    "supporting structure",
    "structural beam",
    "partition",
    "panel",
    "shelf"
  ],
  "num_detections": 3,
  "detections": [
    {
      "class_id": 2,
      "class_name": "chandelier",
      "confidence": 0.9033032655715942,
      "x_center": 0.6736068407694499,
      "y_center": 0.27098077844690394,
      "width": 0.09592164357503255,
      "height": 0.17316532841435187,
      "bbox_xyxy": [
        1201.2403564453125,
        199.14996337890625,
        1385.409912109375,
        386.16851806640625
      ]
    },
    {
      "class_id": 3,
      "class_name": "window",
      "confidence": 0.6324129104614258,
      "x_center": 0.6494056701660156,
      "y_center": 0.6343784473560474,
      "width": 0.14609349568684896,
      "height": 0.13415052625868057,
      "bbox_xyxy": [
        1106.609130859375,
        612.6874389648438,
        1387.108642578125,
        757.5700073242188
      ]
    },
    {
      "class_id": 6,
      "class_name": "text",
      "confidence": 0.6302845478057861,
      "x_center": 0.05339626669883728,
      "y_center": 0.9518154850712529,
      "width": 0.07296809752782187,
      "height": 0.06432218198423033,
      "bbox_xyxy": [
        32.471458435058594,
        993.2267456054688,
        172.57020568847656,
        1062.6947021484375
      ]
    }
  ],
  "vlm_result": {
    "keyframe_path": "C:\\Tim\\Database\\InVLM\\My Data\\Scene_summary.v8i.yolov11\\test\\Fianl Version\\phase1\\Massachusetts_Institute_of_Technology_MIT_frame_001086.jpg",
    "model": "qwen",
    "objects": {
      "objects": [
        "chandelier",
        "column",
        "window",
        "balcony",
        "door",
        "ceiling",
        "wall",
        "light",
        "text",
        "lamp",
        "stairs",
        "floor",
        "frame",
        "lattice",
        "building",
        "structure",
        "entrance",
        "hallway",
        "architectural detail",
        "decorative element",
        "supporting structure",
        "structural beam",
        "beam",
        "partition",
        "panel",
        "cabinet",
        "shelf",
        "barrier",
        "rail",
        "platform",
        "step",
        "ledge",
        "porch",
        "overhang",
        "awning",
        "project",
        "construction",
        "material",
        "surface",
        "texture",
        "pattern",
        "design",
        "element",
        "component",
        "unit",
        "section",
        "area",
        "space",
        "view",
        "entry",
        "opening",
        "passage",
        "transition",
        "connection",
        "link",
        "junction"
      ],
      "categories": {
        "signs": [
          "design"
        ],
        "accessibility": [],
        "people": [],
        "furniture": [
          "cabinet"
        ],
        "technology": [],
        "other": [
          "chandelier",
          "column",
          "window",
          "balcony",
          "door",
          "ceiling",
          "wall",
          "light",
          "text",
          "lamp",
          "stairs",
          "floor",
          "frame",
          "lattice",
          "building",
          "structure",
          "entrance",
          "hallway",
          "architectural detail",
          "decorative element",
          "supporting structure",
          "structural beam",
          "beam",
          "partition",
          "panel",
          "shelf",
          "barrier",
          "rail",
          "platform",
          "step",
          "ledge",
          "porch",
          "overhang",
          "awning",
          "project",
          "construction",
          "material",
          "surface",
          "texture",
          "pattern",
          "element",
          "component",
          "unit",
          "section",
          "area",
          "space",
          "view",
          "entry",
          "opening",
          "passage",
          "transition",
          "connection",
          "link",
          "junction"
        ]
      },
      "scene_description": "",
      "primary_focus": "",
      "num_objects": 56,
      "error": false,
      "model": "Qwen3-VL-2B",
      "timestamp": "2026-01-23T13:43:59.305402"
    }
  }
}