{
  "image": "C:\\Tim\\Database\\InVLM\\My Data\\Scene_summary.v8i.yolov11\\test\\Fianl Version\\phase1\\Massachusetts_Institute_of_Technology_MIT_frame_001151.jpg",
  "image_width": 1920,
  "image_height": 1080,
  "timestamp": "2026-01-23T12:54:49.620020",
  "detector": {
    "name": "ensemble",
    "gdino_model_id": "IDEA-Research/grounding-dino-base",
    "yolo_model_size": "x",
    "conf_threshold": 0.45,
    "text_threshold": 0.2,
    "multi_prompt": false,
    "nms_iou": 0.5
  },
  "vocab": [
    "exit sign",
    "sign",
    "ramp",
    "security camera",
    "monitor",
    "door",
    "board",
    "pipe",
    "window",
    "stairs",
    "notice",
    "text",
    "electrical outlet",
    "cable",
    "frame",
    "poster",
    "bulletin board",
    "hallway",
    "doorframe",
    "window frame"
  ],
  "num_detections": 3,
  "detections": [
    {
      "class_id": 14,
      "class_name": "frame",
      "confidence": 0.5822820663452148,
      "x_center": 0.5693602879842122,
      "y_center": 0.6807277820728443,
      "width": 0.03606224060058594,
      "height": 0.17658832691333912,
      "bbox_xyxy": [
        1058.552001953125,
        639.8283081054688,
        1127.79150390625,
        830.543701171875
      ],
      "has_segmentation": false
    },
    {
      "class_id": 5,
      "class_name": "door",
      "confidence": 0.5563423037528992,
      "x_center": 0.4742469310760498,
      "y_center": 0.7257024411801939,
      "width": 0.06277259190877278,
      "height": 0.5119480274341724,
      "bbox_xyxy": [
        850.2924194335938,
        507.30670166015625,
        970.8157958984375,
        1060.2105712890625
      ]
    },
    {
      "class_id": 8,
      "class_name": "window",
      "confidence": 0.4853224456310272,
      "x_center": 0.5578805764516195,
      "y_center": 0.47731673629195603,
      "width": 0.07358083724975586,
      "height": 0.20971397117332177,
      "bbox_xyxy": [
        1000.4931030273438,
        402.25653076171875,
        1141.768310546875,
        628.7476196289062
      ]
    }
  ],
  "vlm_result": {
    "keyframe_path": "C:\\Tim\\Database\\InVLM\\My Data\\Scene_summary.v8i.yolov11\\test\\Fianl Version\\phase1\\Massachusetts_Institute_of_Technology_MIT_frame_001151.jpg",
    "model": "qwen",
    "objects": {
      "objects": [
        "door",
        "board",
        "light",
        "pipe",
        "ceiling",
        "wall",
        "floor",
        "window",
        "stairs",
        "exit sign",
        "notice",
        "text",
        "electrical outlet",
        "cable",
        "frame",
        "poster",
        "bulletin board",
        "sign",
        "lamp",
        "building",
        "hallway",
        "doorframe",
        "window frame",
        "ramp",
        "barrier",
        "fire alarm",
        "security camera",
        "monitor",
        "ladder",
        "shutter",
        "curtain",
        "door handle",
        "doorbell",
        "door knob",
        "door lock",
        "door hinge",
        "door stop",
        "door latch",
        "door seal",
        "door trim",
        "door edge",
        "door sill",
        "door threshold",
        "door frame",
        "door panel",
        "door cover",
        "door mat",
        "door step",
        "door kick plate",
        "door stopper"
      ],
      "categories": {
        "signs": [
          "exit sign",
          "sign"
        ],
        "accessibility": [
          "ramp"
        ],
        "people": [],
        "furniture": [],
        "technology": [
          "security camera",
          "monitor"
        ],
        "other": [
          "door",
          "board",
          "light",
          "pipe",
          "ceiling",
          "wall",
          "floor",
          "window",
          "stairs",
          "notice",
          "text",
          "electrical outlet",
          "cable",
          "frame",
          "poster",
          "bulletin board",
          "lamp",
          "building",
          "hallway",
          "doorframe",
          "window frame",
          "barrier",
          "fire alarm",
          "ladder",
          "shutter",
          "curtain",
          "door handle",
          "doorbell",
          "door knob",
          "door lock",
          "door hinge",
          "door stop",
          "door latch",
          "door seal",
          "door trim",
          "door edge",
          "door sill",
          "door threshold",
          "door frame",
          "door panel",
          "door cover",
          "door mat",
          "door step",
          "door kick plate",
          "door stopper"
        ]
      },
      "scene_description": "",
      "primary_focus": "",
      "num_objects": 50,
      "error": false,
      "model": "Qwen3-VL-2B",
      "timestamp": "2026-01-23T12:54:48.361431"
    }
  }
}