{
  "image": "C:\\Tim\\Database\\InVLM\\My Data\\Scene_summary.v8i.yolov11\\test\\Fianl Version\\phase1\\Massachusetts_Institute_of_Technology_MIT_frame_001172.jpg",
  "image_width": 1920,
  "image_height": 1080,
  "timestamp": "2026-01-23T13:01:40.043409",
  "detector": {
    "name": "ensemble",
    "gdino_model_id": "IDEA-Research/grounding-dino-base",
    "yolo_model_size": "x",
    "conf_threshold": 0.45,
    "text_threshold": 0.2,
    "multi_prompt": false,
    "nms_iou": 0.5
  },
  "vocab": [
    "exit sign",
    "monitor",
    "security camera",
    "phone",
    "computer",
    "keyboard",
    "screen",
    "microphone",
    "headphones",
    "bench",
    "cabinet",
    "hallway",
    "pipe",
    "window",
    "door",
    "poster",
    "electrical outlet",
    "refrigerator",
    "ladder",
    "shower curtain"
  ],
  "num_detections": 4,
  "detections": [
    {
      "class_id": 9,
      "class_name": "bench",
      "confidence": 0.8673892021179199,
      "x_center": 0.7190860112508138,
      "y_center": 0.8516933865017361,
      "width": 0.05579948425292969,
      "height": 0.10309380425347223,
      "bbox_xyxy": [
        1327.07763671875,
        864.158203125,
        1434.212646484375,
        975.49951171875
      ],
      "has_segmentation": false
    },
    {
      "class_id": 13,
      "class_name": "window",
      "confidence": 0.6774280667304993,
      "x_center": 0.0798737478752931,
      "y_center": 0.44586048832646125,
      "width": 0.1583255226413409,
      "height": 0.8171273125542535,
      "bbox_xyxy": [
        1.3650941848754883,
        40.28057861328125,
        305.35009765625,
        922.778076171875
      ]
    },
    {
      "class_id": 14,
      "class_name": "door",
      "confidence": 0.4652293920516968,
      "x_center": 0.49715930620829263,
      "y_center": 0.7062437975848163,
      "width": 0.037517642974853514,
      "height": 0.4825086522985388,
      "bbox_xyxy": [
        918.5289306640625,
        502.1886291503906,
        990.5628051757812,
        1023.2979736328125
      ]
    },
    {
      "class_id": 15,
      "class_name": "poster",
      "confidence": 0.46258342266082764,
      "x_center": 0.5387288888295492,
      "y_center": 0.6273434674298322,
      "width": 0.04082212448120117,
      "height": 0.20209169741030092,
      "bbox_xyxy": [
        995.1702270507812,
        568.4014282226562,
        1073.5487060546875,
        786.6604614257812
      ]
    }
  ],
  "vlm_result": {
    "keyframe_path": "C:\\Tim\\Database\\InVLM\\My Data\\Scene_summary.v8i.yolov11\\test\\Fianl Version\\phase1\\Massachusetts_Institute_of_Technology_MIT_frame_001172.jpg",
    "model": "qwen",
    "objects": {
      "objects": [
        "hallway",
        "pipe",
        "light",
        "window",
        "door",
        "bench",
        "poster",
        "exit sign",
        "floor",
        "wall",
        "ceiling",
        "lamp",
        "electrical outlet",
        "cabinet",
        "refrigerator",
        "monitor",
        "ladder",
        "shower curtain",
        "towel rack",
        "toilet paper dispenser",
        "toilet",
        "water heater",
        "fire extinguisher",
        "security camera",
        "alarm clock",
        "clock",
        "phone",
        "computer",
        "keyboard",
        "mouse",
        "screen",
        "speaker",
        "microphone",
        "headphones",
        "book",
        "notebook",
        "pen",
        "paper",
        "card",
        "wallet",
        "ring",
        "bracelet",
        "watch",
        "glasses",
        "hat",
        "umbrella",
        "coat",
        "jacket",
        "pants",
        "shirt",
        "socks",
        "shoes",
        "handbag"
      ],
      "categories": {
        "signs": [
          "exit sign"
        ],
        "accessibility": [],
        "people": [],
        "furniture": [
          "bench",
          "cabinet"
        ],
        "technology": [
          "monitor",
          "security camera",
          "phone",
          "computer",
          "keyboard",
          "screen",
          "microphone",
          "headphones"
        ],
        "other": [
          "hallway",
          "pipe",
          "light",
          "window",
          "door",
          "poster",
          "floor",
          "wall",
          "ceiling",
          "lamp",
          "electrical outlet",
          "refrigerator",
          "ladder",
          "shower curtain",
          "towel rack",
          "toilet paper dispenser",
          "toilet",
          "water heater",
          "fire extinguisher",
          "alarm clock",
          "clock",
          "mouse",
          "speaker",
          "book",
          "notebook",
          "pen",
          "paper",
          "card",
          "wallet",
          "ring",
          "bracelet",
          "watch",
          "glasses",
          "hat",
          "umbrella",
          "coat",
          "jacket",
          "pants",
          "shirt",
          "socks",
          "shoes",
          "handbag"
        ]
      },
      "scene_description": "",
      "primary_focus": "",
      "num_objects": 53,
      "error": false,
      "model": "Qwen3-VL-2B",
      "timestamp": "2026-01-23T13:01:38.720564"
    }
  }
}