{
  "image": "C:\\Tim\\Database\\InVLM\\My Data\\Scene_summary.v8i.yolov11\\test\\Fianl Version\\phase1\\Massachusetts_Institute_of_Technology_MIT_frame_001217.jpg",
  "image_width": 1920,
  "image_height": 1080,
  "timestamp": "2026-01-23T13:17:57.144955",
  "detector": {
    "name": "ensemble",
    "gdino_model_id": "IDEA-Research/grounding-dino-base",
    "yolo_model_size": "x",
    "conf_threshold": 0.45,
    "text_threshold": 0.2,
    "multi_prompt": false,
    "nms_iou": 0.5
  },
  "vocab": [
    "sign",
    "exit sign",
    "ramp",
    "security camera",
    "monitor",
    "computer",
    "keyboard",
    "phone",
    "microphone",
    "headphones",
    "cabinet",
    "bench",
    "table",
    "door",
    "pipe",
    "fire extinguisher",
    "gas cylinder",
    "window",
    "ladder",
    "electrical outlet"
  ],
  "num_detections": 3,
  "detections": [
    {
      "class_id": 16,
      "class_name": "gas cylinder",
      "confidence": 0.7405785918235779,
      "x_center": 0.847692076365153,
      "y_center": 0.84866047611943,
      "width": 0.20751450856526693,
      "height": 0.29080047607421877,
      "bbox_xyxy": [
        1428.3548583984375,
        759.5210571289062,
        1826.78271484375,
        1073.5855712890625
      ]
    },
    {
      "class_id": 13,
      "class_name": "door",
      "confidence": 0.5873454213142395,
      "x_center": 0.1410368949174881,
      "y_center": 0.5309833032113535,
      "width": 0.2800245225429535,
      "height": 0.9321312939679182,
      "bbox_xyxy": [
        1.9672966003417969,
        70.11106872558594,
        539.6143798828125,
        1076.8128662109375
      ]
    },
    {
      "class_id": 13,
      "class_name": "door",
      "confidence": 0.5340260863304138,
      "x_center": 0.4968667984008789,
      "y_center": 0.7226639359085648,
      "width": 0.023981285095214844,
      "height": 0.34955229582609953,
      "bbox_xyxy": [
        930.9622192382812,
        591.7188110351562,
        977.0062866210938,
        969.2352905273438
      ]
    }
  ],
  "vlm_result": {
    "keyframe_path": "C:\\Tim\\Database\\InVLM\\My Data\\Scene_summary.v8i.yolov11\\test\\Fianl Version\\phase1\\Massachusetts_Institute_of_Technology_MIT_frame_001217.jpg",
    "model": "qwen",
    "objects": {
      "objects": [
        "door",
        "light",
        "pipe",
        "ceiling",
        "wall",
        "floor",
        "fire extinguisher",
        "gas cylinder",
        "window",
        "ladder",
        "sign",
        "cabinet",
        "electrical outlet",
        "security camera",
        "fire alarm",
        "exit sign",
        "label",
        "text",
        "building",
        "hallway",
        "stairs",
        "ramp",
        "shower",
        "towel rack",
        "toilet",
        "mirror",
        "refrigerator",
        "stool",
        "bench",
        "table",
        "lamp",
        "monitor",
        "computer",
        "keyboard",
        "mouse",
        "phone",
        "speaker",
        "microphone",
        "headphones",
        "glasses",
        "book",
        "notebook",
        "pen",
        "paper",
        "card",
        "wallet",
        "ring",
        "bracelet",
        "watch",
        "keychain",
        "coin",
        "money",
        "credit card",
        "passport"
      ],
      "categories": {
        "signs": [
          "sign",
          "exit sign"
        ],
        "accessibility": [
          "ramp"
        ],
        "people": [],
        "furniture": [
          "cabinet",
          "bench",
          "table"
        ],
        "technology": [
          "security camera",
          "monitor",
          "computer",
          "keyboard",
          "phone",
          "microphone",
          "headphones"
        ],
        "other": [
          "door",
          "light",
          "pipe",
          "ceiling",
          "wall",
          "floor",
          "fire extinguisher",
          "gas cylinder",
          "window",
          "ladder",
          "electrical outlet",
          "fire alarm",
          "label",
          "text",
          "building",
          "hallway",
          "stairs",
          "shower",
          "towel rack",
          "toilet",
          "mirror",
          "refrigerator",
          "stool",
          "lamp",
          "mouse",
          "speaker",
          "glasses",
          "book",
          "notebook",
          "pen",
          "paper",
          "card",
          "wallet",
          "ring",
          "bracelet",
          "watch",
          "keychain",
          "coin",
          "money",
          "credit card",
          "passport"
        ]
      },
      "scene_description": "",
      "primary_focus": "",
      "num_objects": 54,
      "error": false,
      "model": "Qwen3-VL-2B",
      "timestamp": "2026-01-23T13:17:55.952905"
    }
  }
}