{
  "image": "C:\\Tim\\Database\\InVLM\\My Data\\Scene_summary.v8i.yolov11\\test\\Fianl Version\\phase1\\Massachusetts_Institute_of_Technology_MIT_frame_001129.jpg",
  "image_width": 1920,
  "image_height": 1080,
  "timestamp": "2026-01-23T12:45:15.022361",
  "detector": {
    "name": "ensemble",
    "gdino_model_id": "IDEA-Research/grounding-dino-base",
    "yolo_model_size": "x",
    "conf_threshold": 0.45,
    "text_threshold": 0.2,
    "multi_prompt": false,
    "nms_iou": 0.5
  },
  "vocab": [
    "exit sign",
    "sign",
    "ramp",
    "person",
    "monitor",
    "screen",
    "keyboard",
    "computer",
    "table",
    "desk",
    "corkboard",
    "poster",
    "door",
    "pipe",
    "fire extinguisher",
    "trash can",
    "window",
    "electrical outlet",
    "hallway",
    "text"
  ],
  "num_detections": 3,
  "detections": [
    {
      "class_id": 15,
      "class_name": "trash can",
      "confidence": 0.5785170793533325,
      "x_center": 0.9455704053243001,
      "y_center": 0.8721116242585358,
      "width": 0.10435187021891276,
      "height": 0.240158533166956,
      "bbox_xyxy": [
        1715.3173828125,
        812.1949462890625,
        1915.6729736328125,
        1071.566162109375
      ]
    },
    {
      "class_id": 3,
      "class_name": "person",
      "confidence": 0.49820971488952637,
      "x_center": 0.03975931406021118,
      "y_center": 0.6914026613588686,
      "width": 0.07951862812042236,
      "height": 0.18259927255135996,
      "bbox_xyxy": [
        0.0,
        648.1112670898438,
        152.67576599121094,
        845.3184814453125
      ],
      "has_segmentation": false
    },
    {
      "class_id": 11,
      "class_name": "poster",
      "confidence": 0.4508586823940277,
      "x_center": 0.16032341321309407,
      "y_center": 0.7439400001808449,
      "width": 0.10423526763916016,
      "height": 0.3241179289641204,
      "bbox_xyxy": [
        207.75509643554688,
        628.4315185546875,
        407.8868103027344,
        978.4788818359375
      ]
    }
  ],
  "vlm_result": {
    "keyframe_path": "C:\\Tim\\Database\\InVLM\\My Data\\Scene_summary.v8i.yolov11\\test\\Fianl Version\\phase1\\Massachusetts_Institute_of_Technology_MIT_frame_001129.jpg",
    "model": "qwen",
    "objects": {
      "objects": [
        "corkboard",
        "poster",
        "door",
        "light",
        "ceiling",
        "pipe",
        "exit sign",
        "fire extinguisher",
        "trash can",
        "floor",
        "wall",
        "window",
        "electrical outlet",
        "lamp",
        "building",
        "hallway",
        "person",
        "sign",
        "text",
        "image",
        "bulletin board",
        "whiteboard",
        "blackboard",
        "paper",
        "cardboard",
        "plastic",
        "metal",
        "wood",
        "concrete",
        "glass",
        "mirror",
        "ladder",
        "ramp",
        "stairs",
        "staircase",
        "doorframe",
        "doorbell",
        "speaker",
        "monitor",
        "screen",
        "keyboard",
        "mouse",
        "computer",
        "table",
        "desk",
        "bookshelf",
        "book",
        "notebook",
        "pen",
        "pencil",
        "eraser",
        "marker",
        "chalkboard",
        "chalk"
      ],
      "categories": {
        "signs": [
          "exit sign",
          "sign"
        ],
        "accessibility": [
          "ramp"
        ],
        "people": [
          "person"
        ],
        "furniture": [
          "table",
          "desk"
        ],
        "technology": [
          "monitor",
          "screen",
          "keyboard",
          "computer"
        ],
        "other": [
          "corkboard",
          "poster",
          "door",
          "light",
          "ceiling",
          "pipe",
          "fire extinguisher",
          "trash can",
          "floor",
          "wall",
          "window",
          "electrical outlet",
          "lamp",
          "building",
          "hallway",
          "text",
          "image",
          "bulletin board",
          "whiteboard",
          "blackboard",
          "paper",
          "cardboard",
          "plastic",
          "metal",
          "wood",
          "concrete",
          "glass",
          "mirror",
          "ladder",
          "stairs",
          "staircase",
          "doorframe",
          "doorbell",
          "speaker",
          "mouse",
          "bookshelf",
          "book",
          "notebook",
          "pen",
          "pencil",
          "eraser",
          "marker",
          "chalkboard",
          "chalk"
        ]
      },
      "scene_description": "",
      "primary_focus": "",
      "num_objects": 54,
      "error": false,
      "model": "Qwen3-VL-2B",
      "timestamp": "2026-01-23T12:45:13.838628"
    }
  }
}