{
  "image": "C:\\Tim\\Database\\InVLM\\My Data\\Scene_summary.v8i.yolov11\\test\\Fianl Version\\phase1\\Massachusetts_Institute_of_Technology_MIT_frame_001140.jpg",
  "image_width": 1920,
  "image_height": 1080,
  "timestamp": "2026-01-23T12:50:37.828518",
  "detector": {
    "name": "ensemble",
    "gdino_model_id": "IDEA-Research/grounding-dino-base",
    "yolo_model_size": "x",
    "conf_threshold": 0.45,
    "text_threshold": 0.2,
    "multi_prompt": false,
    "nms_iou": 0.5
  },
  "vocab": [
    "exit sign",
    "security camera",
    "white cabinet",
    "white table",
    "white chair",
    "door",
    "corkboard",
    "poster",
    "window",
    "electrical conduit",
    "pipe",
    "bulletin board",
    "whiteboard",
    "frame",
    "text",
    "hallway",
    "refrigerator",
    "air conditioner",
    "ventilation system",
    "fire alarm"
  ],
  "num_detections": 4,
  "detections": [
    {
      "class_id": 13,
      "class_name": "frame",
      "confidence": 0.7511963844299316,
      "x_center": 0.4381904602050781,
      "y_center": 0.6459322894061054,
      "width": 0.10124791463216146,
      "height": 0.3431026882595486,
      "bbox_xyxy": [
        744.127685546875,
        512.3314208984375,
        938.523681640625,
        882.88232421875
      ],
      "has_segmentation": false
    },
    {
      "class_id": 19,
      "class_name": "fire alarm",
      "confidence": 0.6186524629592896,
      "x_center": 0.5933984120686849,
      "y_center": 0.5721411810980903,
      "width": 0.015337244669596354,
      "height": 0.03579056351273148,
      "bbox_xyxy": [
        1124.6011962890625,
        598.5855712890625,
        1154.0487060546875,
        637.2393798828125
      ]
    },
    {
      "class_id": 3,
      "class_name": "white table",
      "confidence": 0.5540544986724854,
      "x_center": 0.6671239217122396,
      "y_center": 0.7221060576262297,
      "width": 0.02310015360514323,
      "height": 0.047774533872251154,
      "bbox_xyxy": [
        1258.7017822265625,
        754.0762939453125,
        1303.0540771484375,
        805.6727905273438
      ]
    },
    {
      "class_id": 2,
      "class_name": "white cabinet",
      "confidence": 0.485212504863739,
      "x_center": 0.573491096496582,
      "y_center": 0.6698676215277778,
      "width": 0.03155810038248698,
      "height": 0.15389381691261575,
      "bbox_xyxy": [
        1070.80712890625,
        640.3543701171875,
        1131.398681640625,
        806.5596923828125
      ]
    }
  ],
  "vlm_result": {
    "keyframe_path": "C:\\Tim\\Database\\InVLM\\My Data\\Scene_summary.v8i.yolov11\\test\\Fianl Version\\phase1\\Massachusetts_Institute_of_Technology_MIT_frame_001140.jpg",
    "model": "qwen",
    "objects": {
      "objects": [
        "door",
        "corkboard",
        "poster",
        "light",
        "ceiling",
        "floor",
        "wall",
        "window",
        "exit sign",
        "electrical conduit",
        "pipe",
        "lamp",
        "bulletin board",
        "whiteboard",
        "frame",
        "text",
        "building",
        "hallway",
        "refrigerator",
        "air conditioner",
        "ventilation system",
        "security camera",
        "fire alarm",
        "ladder",
        "stairs",
        "door handle",
        "door frame",
        "window frame",
        "glass door",
        "black door",
        "white wall",
        "yellow wall",
        "brown wall",
        "blue wall",
        "red light",
        "green light",
        "white ceiling",
        "white floor",
        "white pillar",
        "white beam",
        "white pipe",
        "white cable",
        "white box",
        "white panel",
        "white shelf",
        "white cabinet",
        "white table",
        "white chair",
        "white lamp"
      ],
      "categories": {
        "signs": [
          "exit sign"
        ],
        "accessibility": [],
        "people": [],
        "furniture": [
          "white cabinet",
          "white table",
          "white chair"
        ],
        "technology": [
          "security camera"
        ],
        "other": [
          "door",
          "corkboard",
          "poster",
          "light",
          "ceiling",
          "floor",
          "wall",
          "window",
          "electrical conduit",
          "pipe",
          "lamp",
          "bulletin board",
          "whiteboard",
          "frame",
          "text",
          "building",
          "hallway",
          "refrigerator",
          "air conditioner",
          "ventilation system",
          "fire alarm",
          "ladder",
          "stairs",
          "door handle",
          "door frame",
          "window frame",
          "glass door",
          "black door",
          "white wall",
          "yellow wall",
          "brown wall",
          "blue wall",
          "red light",
          "green light",
          "white ceiling",
          "white floor",
          "white pillar",
          "white beam",
          "white pipe",
          "white cable",
          "white box",
          "white panel",
          "white shelf",
          "white lamp"
        ]
      },
      "scene_description": "",
      "primary_focus": "",
      "num_objects": 49,
      "error": false,
      "model": "Qwen3-VL-2B",
      "timestamp": "2026-01-23T12:50:36.239737"
    }
  }
}