{
  "image": "C:\\Tim\\Database\\InVLM\\My Data\\Scene_summary.v8i.yolov11\\test\\Fianl Version\\phase1\\Massachusetts_Institute_of_Technology_MIT_frame_001092.jpg",
  "image_width": 1920,
  "image_height": 1080,
  "timestamp": "2026-01-23T13:45:15.733454",
  "detector": {
    "name": "ensemble",
    "gdino_model_id": "IDEA-Research/grounding-dino-base",
    "yolo_model_size": "x",
    "conf_threshold": 0.45,
    "text_threshold": 0.2,
    "multi_prompt": false,
    "nms_iou": 0.5
  },
  "vocab": [
    "chandelier",
    "window",
    "balcony",
    "lattice",
    "text",
    "doorframe",
    "stairs",
    "tree",
    "curtain",
    "barrier",
    "bridge",
    "structure",
    "architectural detail",
    "decorative trim",
    "grille",
    "metallic fixture",
    "glass",
    "wooden railing",
    "staircase",
    "entrance"
  ],
  "num_detections": 4,
  "detections": [
    {
      "class_id": 4,
      "class_name": "text",
      "confidence": 0.6153917908668518,
      "x_center": 0.05392109354337057,
      "y_center": 0.9509075871220342,
      "width": 0.07374509572982788,
      "height": 0.06616058349609374,
      "bbox_xyxy": [
        32.73320770263672,
        991.2534790039062,
        174.32379150390625,
        1062.7069091796875
      ]
    },
    {
      "class_id": 17,
      "class_name": "wooden railing",
      "confidence": 0.5216761231422424,
      "x_center": 0.4504326860109965,
      "y_center": 0.8667666682490596,
      "width": 0.8981991370519002,
      "height": 0.26346848099320025,
      "bbox_xyxy": [
        2.5595855712890625,
        793.8350219726562,
        1727.1019287109375,
        1078.3809814453125
      ]
    },
    {
      "class_id": 1,
      "class_name": "window",
      "confidence": 0.5144116878509521,
      "x_center": 0.542648712793986,
      "y_center": 0.6367182131166811,
      "width": 0.2082121213277181,
      "height": 0.22093771475332755,
      "bbox_xyxy": [
        842.0018920898438,
        568.3493041992188,
        1241.7691650390625,
        806.9620361328125
      ]
    },
    {
      "class_id": 1,
      "class_name": "window",
      "confidence": 0.49733400344848633,
      "x_center": 0.2957418521245321,
      "y_center": 0.6404461330837674,
      "width": 0.1833819548288981,
      "height": 0.21463442201967592,
      "bbox_xyxy": [
        391.7776794433594,
        575.7792358398438,
        743.8710327148438,
        807.5844116210938
      ]
    }
  ],
  "vlm_result": {
    "keyframe_path": "C:\\Tim\\Database\\InVLM\\My Data\\Scene_summary.v8i.yolov11\\test\\Fianl Version\\phase1\\Massachusetts_Institute_of_Technology_MIT_frame_001092.jpg",
    "model": "qwen",
    "objects": {
      "objects": [
        "ceiling",
        "chandelier",
        "window",
        "column",
        "balcony",
        "lattice",
        "text",
        "building",
        "lighting",
        "doorframe",
        "stairs",
        "wall",
        "floor",
        "tree",
        "sky",
        "curtain",
        "lamp",
        "barrier",
        "bridge",
        "structure",
        "beam",
        "architectural detail",
        "decorative trim",
        "grille",
        "metallic fixture",
        "glass",
        "wooden railing",
        "staircase",
        "entrance",
        "door",
        "window frame",
        "pillar",
        "support beam",
        "structural element",
        "ceiling panel",
        "bead",
        "cable",
        "chain",
        "light bulb",
        "chandelier chain",
        "chandelier base",
        "chandelier arm",
        "chandelier shade",
        "chandelier light",
        "chandelier socket",
        "chandelier wire",
        "chandelier bracket",
        "chandelier support",
        "chandelier rod"
      ],
      "categories": {
        "signs": [],
        "accessibility": [],
        "people": [],
        "furniture": [],
        "technology": [],
        "other": [
          "ceiling",
          "chandelier",
          "window",
          "column",
          "balcony",
          "lattice",
          "text",
          "building",
          "lighting",
          "doorframe",
          "stairs",
          "wall",
          "floor",
          "tree",
          "sky",
          "curtain",
          "lamp",
          "barrier",
          "bridge",
          "structure",
          "beam",
          "architectural detail",
          "decorative trim",
          "grille",
          "metallic fixture",
          "glass",
          "wooden railing",
          "staircase",
          "entrance",
          "door",
          "window frame",
          "pillar",
          "support beam",
          "structural element",
          "ceiling panel",
          "bead",
          "cable",
          "chain",
          "light bulb",
          "chandelier chain",
          "chandelier base",
          "chandelier arm",
          "chandelier shade",
          "chandelier light",
          "chandelier socket",
          "chandelier wire",
          "chandelier bracket",
          "chandelier support",
          "chandelier rod"
        ]
      },
      "scene_description": "",
      "primary_focus": "",
      "num_objects": 49,
      "error": false,
      "model": "Qwen3-VL-2B",
      "timestamp": "2026-01-23T13:45:14.543357"
    }
  }
}