{
  "image": "C:\\Tim\\Database\\InVLM\\My Data\\Scene_summary.v8i.yolov11\\test\\Fianl Version\\phase1\\Massachusetts_Institute_of_Technology_MIT_frame_001176.jpg",
  "image_width": 1920,
  "image_height": 1080,
  "timestamp": "2026-01-23T13:04:37.536945",
  "detector": {
    "name": "ensemble",
    "gdino_model_id": "IDEA-Research/grounding-dino-base",
    "yolo_model_size": "x",
    "conf_threshold": 0.45,
    "text_threshold": 0.2,
    "multi_prompt": false,
    "nms_iou": 0.5
  },
  "vocab": [
    "exit sign",
    "sign",
    "person",
    "security camera",
    "monitor",
    "bench",
    "pipe",
    "door",
    "poster",
    "board",
    "text",
    "window",
    "electrical outlet",
    "cable",
    "frame",
    "map",
    "logo",
    "image",
    "bulletin board",
    "hallway"
  ],
  "num_detections": 3,
  "detections": [
    {
      "class_id": 5,
      "class_name": "bench",
      "confidence": 0.7783783078193665,
      "x_center": 0.6186324119567871,
      "y_center": 0.9537272135416667,
      "width": 0.12969303131103516,
      "height": 0.09254557291666667,
      "bbox_xyxy": [
        1063.2689208984375,
        980.05078125,
        1312.279541015625,
        1080.0
      ],
      "has_segmentation": false
    },
    {
      "class_id": 8,
      "class_name": "poster",
      "confidence": 0.48472559452056885,
      "x_center": 0.7644217809041342,
      "y_center": 0.4690800984700521,
      "width": 0.16674842834472656,
      "height": 0.5032739709924768,
      "bbox_xyxy": [
        1307.611328125,
        234.83856201171875,
        1627.768310546875,
        778.3744506835938
      ]
    },
    {
      "class_id": 8,
      "class_name": "poster",
      "confidence": 0.46937400102615356,
      "x_center": 0.2201310118039449,
      "y_center": 0.5236669045907479,
      "width": 0.17868367036183674,
      "height": 0.5491758841055411,
      "bbox_xyxy": [
        251.11521911621094,
        269.0052795410156,
        594.1878662109375,
        862.115234375
      ]
    }
  ],
  "vlm_result": {
    "keyframe_path": "C:\\Tim\\Database\\InVLM\\My Data\\Scene_summary.v8i.yolov11\\test\\Fianl Version\\phase1\\Massachusetts_Institute_of_Technology_MIT_frame_001176.jpg",
    "model": "qwen",
    "objects": {
      "objects": [
        "pipe",
        "light",
        "wall",
        "door",
        "bench",
        "poster",
        "board",
        "exit sign",
        "text",
        "floor",
        "window",
        "ceiling",
        "electrical outlet",
        "cable",
        "lamp",
        "frame",
        "map",
        "logo",
        "image",
        "person",
        "bulletin board",
        "sign",
        "building",
        "hallway",
        "stairs",
        "fire extinguisher",
        "security camera",
        "monitor",
        "ladder",
        "shutter",
        "window frame",
        "door handle",
        "door knob",
        "door lock",
        "doorbell",
        "doorbell button",
        "doorbell ring",
        "doorbell chime",
        "doorbell speaker",
        "doorbell receiver",
        "doorbell switch",
        "doorbell sensor",
        "doorbell alarm",
        "doorbell system",
        "doorbell panel",
        "doorbell cover",
        "doorbell casing",
        "doorbell housing",
        "doorbell enclosure"
      ],
      "categories": {
        "signs": [
          "exit sign",
          "sign"
        ],
        "accessibility": [],
        "people": [
          "person"
        ],
        "furniture": [
          "bench"
        ],
        "technology": [
          "security camera",
          "monitor"
        ],
        "other": [
          "pipe",
          "light",
          "wall",
          "door",
          "poster",
          "board",
          "text",
          "floor",
          "window",
          "ceiling",
          "electrical outlet",
          "cable",
          "lamp",
          "frame",
          "map",
          "logo",
          "image",
          "bulletin board",
          "building",
          "hallway",
          "stairs",
          "fire extinguisher",
          "ladder",
          "shutter",
          "window frame",
          "door handle",
          "door knob",
          "door lock",
          "doorbell",
          "doorbell button",
          "doorbell ring",
          "doorbell chime",
          "doorbell speaker",
          "doorbell receiver",
          "doorbell switch",
          "doorbell sensor",
          "doorbell alarm",
          "doorbell system",
          "doorbell panel",
          "doorbell cover",
          "doorbell casing",
          "doorbell housing",
          "doorbell enclosure"
        ]
      },
      "scene_description": "",
      "primary_focus": "",
      "num_objects": 49,
      "error": false,
      "model": "Qwen3-VL-2B",
      "timestamp": "2026-01-23T13:04:36.127142"
    }
  }
}