{
  "image": "C:\\Tim\\Database\\InVLM\\My Data\\Scene_summary.v8i.yolov11\\test\\Fianl Version\\phase1\\Massachusetts_Institute_of_Technology_MIT_frame_001228.jpg",
  "image_width": 1920,
  "image_height": 1080,
  "timestamp": "2026-01-23T13:21:57.205361",
  "detector": {
    "name": "ensemble",
    "gdino_model_id": "IDEA-Research/grounding-dino-base",
    "yolo_model_size": "x",
    "conf_threshold": 0.45,
    "text_threshold": 0.2,
    "multi_prompt": false,
    "nms_iou": 0.5
  },
  "vocab": [
    "sign",
    "ramp",
    "security camera",
    "computer",
    "monitor",
    "keyboard",
    "screen",
    "microphone",
    "headphones",
    "fire extinguisher cabinet",
    "cabinet",
    "table",
    "chair",
    "desk",
    "hallway",
    "door",
    "light fixture",
    "pipe",
    "trash can",
    "ladder"
  ],
  "num_detections": 4,
  "detections": [
    {
      "class_id": 18,
      "class_name": "trash can",
      "confidence": 0.6019430756568909,
      "x_center": 0.41291720072428384,
      "y_center": 0.8956327932852286,
      "width": 0.0347906748453776,
      "height": 0.09717062490957755,
      "bbox_xyxy": [
        759.4019775390625,
        914.811279296875,
        826.2000732421875,
        1019.7555541992188
      ]
    },
    {
      "class_id": 15,
      "class_name": "door",
      "confidence": 0.6014000177383423,
      "x_center": 0.7748354593912761,
      "y_center": 0.6514193782099971,
      "width": 0.10692164103190104,
      "height": 0.6912268179434317,
      "bbox_xyxy": [
        1385.039306640625,
        330.27044677734375,
        1590.328857421875,
        1076.79541015625
      ]
    },
    {
      "class_id": 18,
      "class_name": "trash can",
      "confidence": 0.5803511142730713,
      "x_center": 0.7045465469360351,
      "y_center": 0.9816251401548033,
      "width": 0.06351203918457031,
      "height": 0.03674971969039352,
      "bbox_xyxy": [
        1291.7578125,
        1040.310302734375,
        1413.700927734375,
        1080.0
      ],
      "has_segmentation": false
    },
    {
      "class_id": 18,
      "class_name": "trash can",
      "confidence": 0.5111404061317444,
      "x_center": 0.6170931816101074,
      "y_center": 0.8294689602322048,
      "width": 0.01998602549235026,
      "height": 0.0510295726634838,
      "bbox_xyxy": [
        1165.63232421875,
        868.2705078125,
        1204.0054931640625,
        923.3824462890625
      ],
      "has_segmentation": false
    }
  ],
  "vlm_result": {
    "keyframe_path": "C:\\Tim\\Database\\InVLM\\My Data\\Scene_summary.v8i.yolov11\\test\\Fianl Version\\phase1\\Massachusetts_Institute_of_Technology_MIT_frame_001228.jpg",
    "model": "qwen",
    "objects": {
      "objects": [
        "hallway",
        "door",
        "fire extinguisher cabinet",
        "light fixture",
        "pipe",
        "ceiling",
        "wall",
        "floor",
        "trash can",
        "sign",
        "cabinet",
        "security camera",
        "ladder",
        "window",
        "electrical outlet",
        "fire alarm",
        "staircase",
        "building",
        "stairs",
        "step",
        "platform",
        "ramp",
        "barrier",
        "handrail",
        "pole",
        "lamp",
        "ventilation system",
        "fan",
        "plumbing",
        "water heater",
        "refrigerator",
        "shower",
        "toilet",
        "bathroom",
        "sink",
        "counter",
        "table",
        "chair",
        "bookshelf",
        "desk",
        "computer",
        "monitor",
        "keyboard",
        "mouse",
        "printer",
        "scanner",
        "projector",
        "screen",
        "projection",
        "speaker",
        "microphone",
        "headphones",
        "glasses"
      ],
      "categories": {
        "signs": [
          "sign"
        ],
        "accessibility": [
          "ramp"
        ],
        "people": [],
        "furniture": [
          "fire extinguisher cabinet",
          "cabinet",
          "table",
          "chair",
          "desk"
        ],
        "technology": [
          "security camera",
          "computer",
          "monitor",
          "keyboard",
          "screen",
          "microphone",
          "headphones"
        ],
        "other": [
          "hallway",
          "door",
          "light fixture",
          "pipe",
          "ceiling",
          "wall",
          "floor",
          "trash can",
          "ladder",
          "window",
          "electrical outlet",
          "fire alarm",
          "staircase",
          "building",
          "stairs",
          "step",
          "platform",
          "barrier",
          "handrail",
          "pole",
          "lamp",
          "ventilation system",
          "fan",
          "plumbing",
          "water heater",
          "refrigerator",
          "shower",
          "toilet",
          "bathroom",
          "sink",
          "counter",
          "bookshelf",
          "mouse",
          "printer",
          "scanner",
          "projector",
          "projection",
          "speaker",
          "glasses"
        ]
      },
      "scene_description": "",
      "primary_focus": "",
      "num_objects": 53,
      "error": false,
      "model": "Qwen3-VL-2B",
      "timestamp": "2026-01-23T13:21:55.997710"
    }
  }
}