{
  "image": "C:\\Tim\\Database\\InVLM\\My Data\\Scene_summary.v8i.yolov11\\test\\Fianl Version\\phase1\\Massachusetts_Institute_of_Technology_MIT_frame_001232.jpg",
  "image_width": 1920,
  "image_height": 1080,
  "timestamp": "2026-01-23T13:23:16.444617",
  "detector": {
    "name": "ensemble",
    "gdino_model_id": "IDEA-Research/grounding-dino-base",
    "yolo_model_size": "x",
    "conf_threshold": 0.45,
    "text_threshold": 0.2,
    "multi_prompt": false,
    "nms_iou": 0.5
  },
  "vocab": [
    "sign",
    "exit sign",
    "ramp",
    "security camera",
    "monitor",
    "hallway",
    "door",
    "pipe",
    "cable",
    "fire alarm",
    "trash can",
    "window",
    "ladder",
    "vent",
    "electrical outlet",
    "speaker",
    "staircase",
    "stairs",
    "shower",
    "restroom sign"
  ],
  "num_detections": 3,
  "detections": [
    {
      "class_id": 10,
      "class_name": "trash can",
      "confidence": 0.8238781690597534,
      "x_center": 0.4341555595397949,
      "y_center": 0.8654000176323785,
      "width": 0.028711700439453126,
      "height": 0.07041840729890046,
      "bbox_xyxy": [
        806.0154418945312,
        896.6060791015625,
        861.1419067382812,
        972.657958984375
      ],
      "has_segmentation": false
    },
    {
      "class_id": 10,
      "class_name": "trash can",
      "confidence": 0.7412304878234863,
      "x_center": 0.6749637603759766,
      "y_center": 0.9472474839952257,
      "width": 0.042190170288085936,
      "height": 0.10473124186197917,
      "bbox_xyxy": [
        1255.4278564453125,
        966.472412109375,
        1336.4329833984375,
        1079.5821533203125
      ],
      "has_segmentation": false
    },
    {
      "class_id": 6,
      "class_name": "door",
      "confidence": 0.5201647281646729,
      "x_center": 0.725260861714681,
      "y_center": 0.698151680275246,
      "width": 0.06853713989257812,
      "height": 0.5994560524269387,
      "bbox_xyxy": [
        1326.7052001953125,
        430.29754638671875,
        1458.2965087890625,
        1077.7100830078125
      ]
    }
  ],
  "vlm_result": {
    "keyframe_path": "C:\\Tim\\Database\\InVLM\\My Data\\Scene_summary.v8i.yolov11\\test\\Fianl Version\\phase1\\Massachusetts_Institute_of_Technology_MIT_frame_001232.jpg",
    "model": "qwen",
    "objects": {
      "objects": [
        "hallway",
        "door",
        "light",
        "ceiling",
        "pipe",
        "cable",
        "fire alarm",
        "trash can",
        "sign",
        "wall",
        "floor",
        "window",
        "ladder",
        "vent",
        "lamp",
        "electrical outlet",
        "security camera",
        "monitor",
        "speaker",
        "staircase",
        "stairs",
        "ramp",
        "shower",
        "toilet",
        "bathroom",
        "unit",
        "building",
        "structure",
        "equipment",
        "garbage bin",
        "fire extinguisher",
        "fire door",
        "fire exit",
        "fire hydrant",
        "fire hose",
        "fire blanket",
        "fire alarm panel",
        "fire alarm button",
        "fire alarm system",
        "fire safety equipment",
        "fire protection",
        "fire suppression",
        "fire detection",
        "fire fighting",
        "fire station",
        "fire truck",
        "fire engine",
        "fire department",
        "fire service"
      ],
      "categories": {
        "signs": [
          "sign",
          "fire exit"
        ],
        "accessibility": [
          "ramp"
        ],
        "people": [],
        "furniture": [],
        "technology": [
          "security camera",
          "monitor"
        ],
        "other": [
          "hallway",
          "door",
          "light",
          "ceiling",
          "pipe",
          "cable",
          "fire alarm",
          "trash can",
          "wall",
          "floor",
          "window",
          "ladder",
          "vent",
          "lamp",
          "electrical outlet",
          "speaker",
          "staircase",
          "stairs",
          "shower",
          "toilet",
          "bathroom",
          "unit",
          "building",
          "structure",
          "equipment",
          "garbage bin",
          "fire extinguisher",
          "fire door",
          "fire hydrant",
          "fire hose",
          "fire blanket",
          "fire alarm panel",
          "fire alarm button",
          "fire alarm system",
          "fire safety equipment",
          "fire protection",
          "fire suppression",
          "fire detection",
          "fire fighting",
          "fire station",
          "fire truck",
          "fire engine",
          "fire department",
          "fire service"
        ]
      },
      "scene_description": "",
      "primary_focus": "",
      "num_objects": 49,
      "error": false,
      "model": "Qwen3-VL-2B",
      "timestamp": "2026-01-23T13:23:15.279296"
    }
  }
}