{
  "image": "C:\\Tim\\Database\\InVLM\\My Data\\Scene_summary.v8i.yolov11\\test\\Fianl Version\\phase1\\Massachusetts_Institute_of_Technology_MIT_frame_001083.jpg",
  "image_width": 1920,
  "image_height": 1080,
  "timestamp": "2026-01-23T13:42:43.649342",
  "detector": {
    "name": "ensemble",
    "gdino_model_id": "IDEA-Research/grounding-dino-base",
    "yolo_model_size": "x",
    "conf_threshold": 0.45,
    "text_threshold": 0.2,
    "multi_prompt": false,
    "nms_iou": 0.5
  },
  "vocab": [
    "security camera",
    "window screen",
    "cabinet",
    "hallway",
    "window",
    "chandelier",
    "balcony",
    "door",
    "light fixture",
    "speaker",
    "painting",
    "text",
    "entrance",
    "stairs",
    "ladder",
    "fire alarm",
    "frame",
    "barrier",
    "structure",
    "bridge"
  ],
  "num_detections": 3,
  "detections": [
    {
      "class_id": 11,
      "class_name": "text",
      "confidence": 0.5456557273864746,
      "x_center": 0.05299315253893534,
      "y_center": 0.9524562411838108,
      "width": 0.07106180588404337,
      "height": 0.05927660906756366,
      "bbox_xyxy": [
        33.52751922607422,
        996.6433715820312,
        169.9661865234375,
        1060.662109375
      ]
    },
    {
      "class_id": 5,
      "class_name": "chandelier",
      "confidence": 0.4922923147678375,
      "x_center": 0.6658120155334473,
      "y_center": 0.47396018416793256,
      "width": 0.054680824279785156,
      "height": 0.03445618240921586,
      "bbox_xyxy": [
        1225.865478515625,
        493.2706604003906,
        1330.8526611328125,
        530.4833374023438
      ]
    },
    {
      "class_id": 3,
      "class_name": "hallway",
      "confidence": 0.4615936577320099,
      "x_center": 0.5976861635843913,
      "y_center": 0.714815902709961,
      "width": 0.2907415390014648,
      "height": 0.5557685852050781,
      "bbox_xyxy": [
        868.445556640625,
        471.8861389160156,
        1426.6693115234375,
        1072.1162109375
      ]
    }
  ],
  "vlm_result": {
    "keyframe_path": "C:\\Tim\\Database\\InVLM\\My Data\\Scene_summary.v8i.yolov11\\test\\Fianl Version\\phase1\\Massachusetts_Institute_of_Technology_MIT_frame_001083.jpg",
    "model": "qwen",
    "objects": {
      "objects": [
        "hallway",
        "ceiling",
        "wall",
        "floor",
        "window",
        "chandelier",
        "balcony",
        "column",
        "door",
        "light fixture",
        "speaker",
        "painting",
        "text",
        "entrance",
        "stairs",
        "ladder",
        "fire alarm",
        "security camera",
        "lamp",
        "frame",
        "barrier",
        "building",
        "structure",
        "platform",
        "bridge",
        "pole",
        "cabinet",
        "board",
        "picture",
        "mirror",
        "door handle",
        "door frame",
        "window frame",
        "window sill",
        "window ledge",
        "window pane",
        "window glass",
        "window latch",
        "window curtain",
        "window blind",
        "window shade",
        "window cover",
        "window screen",
        "window grille",
        "window rail",
        "window railing",
        "window barrier",
        "window guard",
        "window fence",
        "window gate",
        "window panel",
        "window section"
      ],
      "categories": {
        "signs": [],
        "accessibility": [],
        "people": [],
        "furniture": [
          "cabinet"
        ],
        "technology": [
          "security camera",
          "window screen"
        ],
        "other": [
          "hallway",
          "ceiling",
          "wall",
          "floor",
          "window",
          "chandelier",
          "balcony",
          "column",
          "door",
          "light fixture",
          "speaker",
          "painting",
          "text",
          "entrance",
          "stairs",
          "ladder",
          "fire alarm",
          "lamp",
          "frame",
          "barrier",
          "building",
          "structure",
          "platform",
          "bridge",
          "pole",
          "board",
          "picture",
          "mirror",
          "door handle",
          "door frame",
          "window frame",
          "window sill",
          "window ledge",
          "window pane",
          "window glass",
          "window latch",
          "window curtain",
          "window blind",
          "window shade",
          "window cover",
          "window grille",
          "window rail",
          "window railing",
          "window barrier",
          "window guard",
          "window fence",
          "window gate",
          "window panel",
          "window section"
        ]
      },
      "scene_description": "",
      "primary_focus": "",
      "num_objects": 52,
      "error": false,
      "model": "Qwen3-VL-2B",
      "timestamp": "2026-01-23T13:42:42.368011"
    }
  }
}